[{"model": "kegiatan.kegiatan", "pk": 1, "fields": {"proyek": 1, "nama_kegiatan": "Penggantian UI", "kode": "A", "bobot_kegiatan": "3.80", "biaya_kegiatan": "1550000", "predecessor": "-", "hubungan_keterkaitan": null, "duration": 4.166666666666667}}, {"model": "kegiatan.kegiatan", "pk": 2, "fields": {"proyek": 1, "nama_kegiatan": "Repository Karya, Hasil Penelitian, dan Pengabdian", "kode": "B", "bobot_kegiatan": "3.90", "biaya_kegiatan": "1500000", "predecessor": "A", "hubungan_keterkaitan": "F-S", "duration": 7.333333333333333}}, {"model": "kegiatan.kegiatan", "pk": 3, "fields": {"proyek": 1, "nama_kegiatan": "API", "kode": "C", "bobot_kegiatan": "3.40", "biaya_kegiatan": "800000", "predecessor": "B", "hubungan_keterkaitan": "F-S", "duration": 3.1666666666666665}}, {"model": "kegiatan.kegiatan", "pk": 4, "fields": {"proyek": 1, "nama_kegiatan": "Biodata dan Integrasi SSO Siakad", "kode": "D", "bobot_kegiatan": "3.60", "biaya_kegiatan": "1300000", "predecessor": "C", "hubungan_keterkaitan": "F-S", "duration": 7.333333333333333}}, {"model": "kegiatan.kegiatan", "pk": 5, "fields": {"proyek": 1, "nama_kegiatan": "Roadmap penelitian", "kode": "E", "bobot_kegiatan": "3.70", "biaya_kegiatan": "1400000", "predecessor": "D", "hubungan_keterkaitan": "F-S", "duration": 7.333333333333333}}, {"model": "kegiatan.kegiatan", "pk": 6, "fields": {"proyek": 1, "nama_kegiatan": "Rekam jejak penelitian", "kode": "F", "bobot_kegiatan": "3.80", "biaya_kegiatan": "1550000", "predecessor": "E", "hubungan_keterkaitan": "F-S", "duration": 7.333333333333333}}, {"model": "kegiatan.kegiatan", "pk": 7, "fields": {"proyek": 1, "nama_kegiatan": "Dokumentasi", "kode": "G", "bobot_kegiatan": "3.60", "biaya_kegiatan": "1000000", "predecessor": "A", "hubungan_keterkaitan": "S-S", "duration": 4.166666666666667}}, {"model": "kegiatan.kegiatan", "pk": 8, "fields": {"proyek": 1, "nama_kegiatan": "Isi Pulsa", "kode": "H", "bobot_kegiatan": "3.80", "biaya_kegiatan": "2050000", "predecessor": "-", "hubungan_keterkaitan": null, "duration": 2.1666666666666665}}, {"model": "kegiatan.kegiatan", "pk": 9, "fields": {"proyek": 1, "nama_kegiatan": "Konfigurasi tugas harian", "kode": "I", "bobot_kegiatan": "3.80", "biaya_kegiatan": "1550000", "predecessor": "-", "hubungan_keterkaitan": null, "duration": 7.333333333333333}}, {"model": "kegiatan.kegiatan", "pk": 10, "fields": {"proyek": 1, "nama_kegiatan": "Konfigurasi tugas tambahan", "kode": "J", "bobot_kegiatan": "3.70", "biaya_kegiatan": "1550000", "predecessor": "I", "hubungan_keterkaitan": "F-S", "duration": 7.333333333333333}}, {"model": "kegiatan.kegiatan", "pk": 11, "fields": {"proyek": 1, "nama_kegiatan": "Konfigurasi PIC", "kode": "K", "bobot_kegiatan": "3.70", "biaya_kegiatan": "1500000", "predecessor": "J", "hubungan_keterkaitan": "F-S", "duration": 7.333333333333333}}, {"model": "kegiatan.kegiatan", "pk": 12, "fields": {"proyek": 1, "nama_kegiatan": "Konfigurasi deadline pekerjaan", "kode": "L", "bobot_kegiatan": "3.80", "biaya_kegiatan": "1500000", "predecessor": "K", "hubungan_keterkaitan": "F-S", "duration": 7.333333333333333}}, {"model": "kegiatan.kegiatan", "pk": 13, "fields": {"proyek": 1, "nama_kegiatan": "Monitoring tugas dan status pekerjaan", "kode": "M", "bobot_kegiatan": "3.70", "biaya_kegiatan": "1550000", "predecessor": "L", "hubungan_keterkaitan": "F-S", "duration": 7.333333333333333}}, {"model": "kegiatan.kegiatan", "pk": 14, "fields": {"proyek": 1, "nama_kegiatan": "Monitoring dokumen hasil pekerjaan", "kode": "N", "bobot_kegiatan": "3.70", "biaya_kegiatan": "1550000", "predecessor": "M", "hubungan_keterkaitan": "F-S", "duration": 7.333333333333333}}, {"model": "kegiatan.kegiatan", "pk": 15, "fields": {"proyek": 1, "nama_kegiatan": "API", "kode": "O", "bobot_kegiatan": "3.70", "biaya_kegiatan": "1400000", "predecessor": "N", "hubungan_keterkaitan": "F-S", "duration": 3.1666666666666665}}, {"model": "kegiatan.kegiatan", "pk": 16, "fields": {"proyek": 1, "nama_kegiatan": "Dokumentasi", "kode": "P", "bobot_kegiatan": "3.60", "biaya_kegiatan": "1000000", "predecessor": "I", "hubungan_keterkaitan": "S-S", "duration": 4.166666666666667}}, {"model": "kegiatan.kegiatan", "pk": 17, "fields": {"proyek": 1, "nama_kegiatan": "Sistem tersentralisasi", "kode": "Q", "bobot_kegiatan": "4.20", "biaya_kegiatan": "2100000", "predecessor": "-", "hubungan_keterkaitan": null, "duration": 7.333333333333333}}, {"model": "kegiatan.kegiatan", "pk": 18, "fields": {"proyek": 1, "nama_kegiatan": "Presensi pegawai", "kode": "R", "bobot_kegiatan": "3.80", "biaya_kegiatan": "1400000", "predecessor": "-", "hubungan_keterkaitan": null, "duration": 7.333333333333333}}, {"model": "kegiatan.kegiatan", "pk": 19, "fields": {"proyek": 1, "nama_kegiatan": "Geofencing", "kode": "S", "bobot_kegiatan": "3.80", "biaya_kegiatan": "1500000", "predecessor": "R", "hubungan_keterkaitan": "F-S", "duration": 7.333333333333333}}, {"model": "kegiatan.kegiatan", "pk": 20, "fields": {"proyek": 1, "nama_kegiatan": "Tagging", "kode": "T", "bobot_kegiatan": "3.60", "biaya_kegiatan": "1000000", "predecessor": "S", "hubungan_keterkaitan": "F-S", "duration": 7.333333333333333}}, {"model": "kegiatan.kegiatan", "pk": 21, "fields": {"proyek": 1, "nama_kegiatan": "Integrasi dengan sihrd", "kode": "U", "bobot_kegiatan": "3.60", "biaya_kegiatan": "1200000", "predecessor": "T", "hubungan_keterkaitan": "F-S", "duration": 7.333333333333333}}, {"model": "kegiatan.kegiatan", "pk": 22, "fields": {"proyek": 1, "nama_kegiatan": "Integrasi dengan sistem monitoring pekerjaan", "kode": "V", "bobot_kegiatan": "3.80", "biaya_kegiatan": "1400000", "predecessor": "U", "hubungan_keterkaitan": "F-S", "duration": 7.333333333333333}}, {"model": "kegiatan.kegiatan", "pk": 23, "fields": {"proyek": 1, "nama_kegiatan": "Integrasi siakad", "kode": "W", "bobot_kegiatan": "3.70", "biaya_kegiatan": "1300000", "predecessor": "V", "hubungan_keterkaitan": "F-S", "duration": 7.333333333333333}}, {"model": "kegiatan.kegiatan", "pk": 24, "fields": {"proyek": 1, "nama_kegiatan": "Absensi mahasiswa", "kode": "X", "bobot_kegiatan": "3.70", "biaya_kegiatan": "1500000", "predecessor": "W", "hubungan_keterkaitan": "F-S", "duration": 7.333333333333333}}, {"model": "kegiatan.kegiatan", "pk": 25, "fields": {"proyek": 1, "nama_kegiatan": "Jurnal mengajar online", "kode": "Y", "bobot_kegiatan": "3.50", "biaya_kegiatan": "1000000", "predecessor": "X", "hubungan_keterkaitan": "F-S", "duration": 7.333333333333333}}, {"model": "kegiatan.kegiatan", "pk": 26, "fields": {"proyek": 1, "nama_kegiatan": "Export jurnal mengajar", "kode": "Z", "bobot_kegiatan": "3.50", "biaya_kegiatan": "1000000", "predecessor": "Y", "hubungan_keterkaitan": "F-S", "duration": 3.1666666666666665}}, {"model": "kegiatan.kegiatan", "pk": 27, "fields": {"proyek": 1, "nama_kegiatan": "Laporan presensi", "kode": "AA", "bobot_kegiatan": "3.50", "biaya_kegiatan": "1000000", "predecessor": "Z", "hubungan_keterkaitan": "F-S", "duration": 4.166666666666667}}, {"model": "kegiatan.pert", "pk": 1, "fields": {"kegiatan": 1, "duration": 4.166666666666667, "optimistic_time": 2.0, "most_likely_time": 4.0, "pessimistic_time": 7.0, "standar_deviasi": 0.8333333333333334, "varians_kegiatan": 0.6944444444444445}}, {"model": "kegiatan.pert", "pk": 2, "fields": {"kegiatan": 2, "duration": 7.333333333333333, "optimistic_time": 2.0, "most_likely_time": 7.0, "pessimistic_time": 14.0, "standar_deviasi": 2.0, "varians_kegiatan": 4.0}}, {"model": "kegiatan.pert", "pk": 3, "fields": {"kegiatan": 3, "duration": 3.1666666666666665, "optimistic_time": 1.0, "most_likely_time": 3.0, "pessimistic_time": 6.0, "standar_deviasi": 0.8333333333333334, "varians_kegiatan": 0.6944444444444445}}, {"model": "kegiatan.pert", "pk": 4, "fields": {"kegiatan": 4, "duration": 7.333333333333333, "optimistic_time": 2.0, "most_likely_time": 7.0, "pessimistic_time": 14.0, "standar_deviasi": 2.0, "varians_kegiatan": 4.0}}, {"model": "kegiatan.pert", "pk": 5, "fields": {"kegiatan": 5, "duration": 7.333333333333333, "optimistic_time": 2.0, "most_likely_time": 7.0, "pessimistic_time": 14.0, "standar_deviasi": 2.0, "varians_kegiatan": 4.0}}, {"model": "kegiatan.pert", "pk": 6, "fields": {"kegiatan": 6, "duration": 7.333333333333333, "optimistic_time": 2.0, "most_likely_time": 7.0, "pessimistic_time": 14.0, "standar_deviasi": 2.0, "varians_kegiatan": 4.0}}, {"model": "kegiatan.pert", "pk": 7, "fields": {"kegiatan": 7, "duration": 4.166666666666667, "optimistic_time": 2.0, "most_likely_time": 4.0, "pessimistic_time": 7.0, "standar_deviasi": 0.8333333333333334, "varians_kegiatan": 0.6944444444444445}}, {"model": "kegiatan.pert", "pk": 8, "fields": {"kegiatan": 8, "duration": 2.1666666666666665, "optimistic_time": 1.0, "most_likely_time": 2.0, "pessimistic_time": 4.0, "standar_deviasi": 0.5, "varians_kegiatan": 0.25}}, {"model": "kegiatan.pert", "pk": 9, "fields": {"kegiatan": 9, "duration": 7.333333333333333, "optimistic_time": 2.0, "most_likely_time": 7.0, "pessimistic_time": 14.0, "standar_deviasi": 2.0, "varians_kegiatan": 4.0}}, {"model": "kegiatan.pert", "pk": 10, "fields": {"kegiatan": 10, "duration": 7.333333333333333, "optimistic_time": 2.0, "most_likely_time": 7.0, "pessimistic_time": 14.0, "standar_deviasi": 2.0, "varians_kegiatan": 4.0}}, {"model": "kegiatan.pert", "pk": 11, "fields": {"kegiatan": 11, "duration": 7.333333333333333, "optimistic_time": 2.0, "most_likely_time": 7.0, "pessimistic_time": 14.0, "standar_deviasi": 2.0, "varians_kegiatan": 4.0}}, {"model": "kegiatan.pert", "pk": 12, "fields": {"kegiatan": 12, "duration": 7.333333333333333, "optimistic_time": 2.0, "most_likely_time": 7.0, "pessimistic_time": 14.0, "standar_deviasi": 2.0, "varians_kegiatan": 4.0}}, {"model": "kegiatan.pert", "pk": 13, "fields": {"kegiatan": 13, "duration": 7.333333333333333, "optimistic_time": 2.0, "most_likely_time": 7.0, "pessimistic_time": 14.0, "standar_deviasi": 2.0, "varians_kegiatan": 4.0}}, {"model": "kegiatan.pert", "pk": 14, "fields": {"kegiatan": 14, "duration": 7.333333333333333, "optimistic_time": 2.0, "most_likely_time": 7.0, "pessimistic_time": 14.0, "standar_deviasi": 2.0, "varians_kegiatan": 4.0}}, {"model": "kegiatan.pert", "pk": 15, "fields": {"kegiatan": 15, "duration": 3.1666666666666665, "optimistic_time": 1.0, "most_likely_time": 3.0, "pessimistic_time": 6.0, "standar_deviasi": 0.8333333333333334, "varians_kegiatan": 0.6944444444444445}}, {"model": "kegiatan.pert", "pk": 16, "fields": {"kegiatan": 16, "duration": 4.166666666666667, "optimistic_time": 2.0, "most_likely_time": 4.0, "pessimistic_time": 7.0, "standar_deviasi": 0.8333333333333334, "varians_kegiatan": 0.6944444444444445}}, {"model": "kegiatan.pert", "pk": 17, "fields": {"kegiatan": 17, "duration": 7.333333333333333, "optimistic_time": 2.0, "most_likely_time": 7.0, "pessimistic_time": 14.0, "standar_deviasi": 2.0, "varians_kegiatan": 4.0}}, {"model": "kegiatan.pert", "pk": 18, "fields": {"kegiatan": 18, "duration": 7.333333333333333, "optimistic_time": 2.0, "most_likely_time": 7.0, "pessimistic_time": 14.0, "standar_deviasi": 2.0, "varians_kegiatan": 4.0}}, {"model": "kegiatan.pert", "pk": 19, "fields": {"kegiatan": 19, "duration": 7.333333333333333, "optimistic_time": 2.0, "most_likely_time": 7.0, "pessimistic_time": 14.0, "standar_deviasi": 2.0, "varians_kegiatan": 4.0}}, {"model": "kegiatan.pert", "pk": 20, "fields": {"kegiatan": 20, "duration": 7.333333333333333, "optimistic_time": 2.0, "most_likely_time": 7.0, "pessimistic_time": 14.0, "standar_deviasi": 2.0, "varians_kegiatan": 4.0}}, {"model": "kegiatan.pert", "pk": 21, "fields": {"kegiatan": 21, "duration": 7.333333333333333, "optimistic_time": 2.0, "most_likely_time": 7.0, "pessimistic_time": 14.0, "standar_deviasi": 2.0, "varians_kegiatan": 4.0}}, {"model": "kegiatan.pert", "pk": 22, "fields": {"kegiatan": 22, "duration": 7.333333333333333, "optimistic_time": 2.0, "most_likely_time": 7.0, "pessimistic_time": 14.0, "standar_deviasi": 2.0, "varians_kegiatan": 4.0}}, {"model": "kegiatan.pert", "pk": 23, "fields": {"kegiatan": 23, "duration": 7.333333333333333, "optimistic_time": 2.0, "most_likely_time": 7.0, "pessimistic_time": 14.0, "standar_deviasi": 2.0, "varians_kegiatan": 4.0}}, {"model": "kegiatan.pert", "pk": 24, "fields": {"kegiatan": 24, "duration": 7.333333333333333, "optimistic_time": 2.0, "most_likely_time": 7.0, "pessimistic_time": 14.0, "standar_deviasi": 2.0, "varians_kegiatan": 4.0}}, {"model": "kegiatan.pert", "pk": 25, "fields": {"kegiatan": 25, "duration": 7.333333333333333, "optimistic_time": 2.0, "most_likely_time": 7.0, "pessimistic_time": 14.0, "standar_deviasi": 2.0, "varians_kegiatan": 4.0}}, {"model": "kegiatan.pert", "pk": 26, "fields": {"kegiatan": 26, "duration": 3.1666666666666665, "optimistic_time": 1.0, "most_likely_time": 3.0, "pessimistic_time": 6.0, "standar_deviasi": 0.8333333333333334, "varians_kegiatan": 0.6944444444444445}}, {"model": "kegiatan.pert", "pk": 27, "fields": {"kegiatan": 27, "duration": 4.166666666666667, "optimistic_time": 2.0, "most_likely_time": 4.0, "pessimistic_time": 7.0, "standar_deviasi": 0.8333333333333334, "varians_kegiatan": 0.6944444444444445}}, {"model": "kegiatan.cpm", "pk": 1, "fields": {"kegiatan": "Penggantian UI", "kode": "A", "duration": 4.166666666666667, "predecessor": "-", "earliest_start": 0.0, "earliest_finish": 4.166666666666667, "latest_start": 29.333333333333325, "latest_finish": 33.49999999999999, "slack_time": 29.333333333333325, "critical": "-", "successors": null}}, {"model": "kegiatan.cpm", "pk": 2, "fields": {"kegiatan": "Repository Karya, Hasil Penelitian, dan Pengabdian", "kode": "B", "duration": 7.333333333333333, "predecessor": "A", "earliest_start": 4.166666666666667, "earliest_finish": 11.5, "latest_start": 33.49999999999999, "latest_finish": 40.83333333333333, "slack_time": 29.33333333333333, "critical": "-", "successors": null}}, {"model": "kegiatan.cpm", "pk": 3, "fields": {"kegiatan": "API", "kode": "C", "duration": 3.1666666666666665, "predecessor": "B", "earliest_start": 11.5, "earliest_finish": 14.666666666666666, "latest_start": 40.83333333333333, "latest_finish": 43.99999999999999, "slack_time": 29.33333333333333, "critical": "-", "successors": null}}, {"model": "kegiatan.cpm", "pk": 4, "fields": {"kegiatan": "Biodata dan Integrasi SSO Siakad", "kode": "D", "duration": 7.333333333333333, "predecessor": "C", "earliest_start": 14.666666666666666, "earliest_finish": 22.0, "latest_start": 43.99999999999999, "latest_finish": 51.33333333333333, "slack_time": 29.33333333333333, "critical": "-", "successors": null}}, {"model": "kegiatan.cpm", "pk": 5, "fields": {"kegiatan": "Roadmap penelitian", "kode": "E", "duration": 7.333333333333333, "predecessor": "D", "earliest_start": 22.0, "earliest_finish": 29.333333333333332, "latest_start": 51.33333333333333, "latest_finish": 58.666666666666664, "slack_time": 29.333333333333332, "critical": "-", "successors": null}}, {"model": "kegiatan.cpm", "pk": 6, "fields": {"kegiatan": "Rekam jejak penelitian", "kode": "F", "duration": 7.333333333333333, "predecessor": "E", "earliest_start": 29.333333333333332, "earliest_finish": 36.666666666666664, "latest_start": 58.666666666666664, "latest_finish": 66.0, "slack_time": 29.333333333333336, "critical": "-", "successors": null}}, {"model": "kegiatan.cpm", "pk": 7, "fields": {"kegiatan": "Dokumentasi", "kode": "G", "duration": 4.166666666666667, "predecessor": "A", "earliest_start": 4.166666666666667, "earliest_finish": 8.333333333333334, "latest_start": 61.833333333333336, "latest_finish": 66.0, "slack_time": 57.666666666666664, "critical": "-", "successors": null}}, {"model": "kegiatan.cpm", "pk": 8, "fields": {"kegiatan": "Isi Pulsa", "kode": "H", "duration": 2.1666666666666665, "predecessor": "-", "earliest_start": 0.0, "earliest_finish": 2.1666666666666665, "latest_start": 63.833333333333336, "latest_finish": 66.0, "slack_time": 63.833333333333336, "critical": "-", "successors": null}}, {"model": "kegiatan.cpm", "pk": 9, "fields": {"kegiatan": "Konfigurasi tugas harian", "kode": "I", "duration": 7.333333333333333, "predecessor": "-", "earliest_start": 0.0, "earliest_finish": 7.333333333333333, "latest_start": 18.83333333333333, "latest_finish": 26.16666666666666, "slack_time": 18.83333333333333, "critical": "-", "successors": null}}, {"model": "kegiatan.cpm", "pk": 10, "fields": {"kegiatan": "Konfigurasi tugas tambahan", "kode": "J", "duration": 7.333333333333333, "predecessor": "I", "earliest_start": 7.333333333333333, "earliest_finish": 14.666666666666666, "latest_start": 26.16666666666666, "latest_finish": 33.49999999999999, "slack_time": 18.83333333333333, "critical": "-", "successors": null}}, {"model": "kegiatan.cpm", "pk": 11, "fields": {"kegiatan": "Konfigurasi PIC", "kode": "K", "duration": 7.333333333333333, "predecessor": "J", "earliest_start": 14.666666666666666, "earliest_finish": 22.0, "latest_start": 33.49999999999999, "latest_finish": 40.83333333333333, "slack_time": 18.83333333333333, "critical": "-", "successors": null}}, {"model": "kegiatan.cpm", "pk": 12, "fields": {"kegiatan": "Konfigurasi deadline pekerjaan", "kode": "L", "duration": 7.333333333333333, "predecessor": "K", "earliest_start": 22.0, "earliest_finish": 29.333333333333332, "latest_start": 40.83333333333333, "latest_finish": 48.166666666666664, "slack_time": 18.833333333333332, "critical": "-", "successors": null}}, {"model": "kegiatan.cpm", "pk": 13, "fields": {"kegiatan": "Monitoring tugas dan status pekerjaan", "kode": "M", "duration": 7.333333333333333, "predecessor": "L", "earliest_start": 29.333333333333332, "earliest_finish": 36.666666666666664, "latest_start": 48.166666666666664, "latest_finish": 55.5, "slack_time": 18.833333333333336, "critical": "-", "successors": null}}, {"model": "kegiatan.cpm", "pk": 14, "fields": {"kegiatan": "Monitoring dokumen hasil pekerjaan", "kode": "N", "duration": 7.333333333333333, "predecessor": "M", "earliest_start": 36.666666666666664, "earliest_finish": 44.0, "latest_start": 55.5, "latest_finish": 62.833333333333336, "slack_time": 18.833333333333336, "critical": "-", "successors": null}}, {"model": "kegiatan.cpm", "pk": 15, "fields": {"kegiatan": "API", "kode": "O", "duration": 3.1666666666666665, "predecessor": "N", "earliest_start": 44.0, "earliest_finish": 47.166666666666664, "latest_start": 62.833333333333336, "latest_finish": 66.0, "slack_time": 18.833333333333336, "critical": "-", "successors": null}}, {"model": "kegiatan.cpm", "pk": 16, "fields": {"kegiatan": "Dokumentasi", "kode": "P", "duration": 4.166666666666667, "predecessor": "I", "earliest_start": 7.333333333333333, "earliest_finish": 11.5, "latest_start": 61.833333333333336, "latest_finish": 66.0, "slack_time": 54.5, "critical": "-", "successors": null}}, {"model": "kegiatan.cpm", "pk": 17, "fields": {"kegiatan": "Sistem tersentralisasi", "kode": "Q", "duration": 7.333333333333333, "predecessor": "-", "earliest_start": 0.0, "earliest_finish": 7.333333333333333, "latest_start": 58.666666666666664, "latest_finish": 66.0, "slack_time": 58.666666666666664, "critical": "-", "successors": null}}, {"model": "kegiatan.cpm", "pk": 18, "fields": {"kegiatan": "Presensi pegawai", "kode": "R", "duration": 7.333333333333333, "predecessor": "-", "earliest_start": 0.0, "earliest_finish": 7.333333333333333, "latest_start": 1.7763568394002505e-15, "latest_finish": 7.333333333333335, "slack_time": 1.7763568394002505e-15, "critical": "-", "successors": null}}, {"model": "kegiatan.cpm", "pk": 19, "fields": {"kegiatan": "Geofencing", "kode": "S", "duration": 7.333333333333333, "predecessor": "R", "earliest_start": 7.333333333333333, "earliest_finish": 14.666666666666666, "latest_start": 7.333333333333335, "latest_finish": 14.666666666666668, "slack_time": 1.7763568394002505e-15, "critical": "-", "successors": null}}, {"model": "kegiatan.cpm", "pk": 20, "fields": {"kegiatan": "Tagging", "kode": "T", "duration": 7.333333333333333, "predecessor": "S", "earliest_start": 14.666666666666666, "earliest_finish": 22.0, "latest_start": 14.666666666666668, "latest_finish": 22.0, "slack_time": 0.0, "critical": "Kritis", "successors": null}}, {"model": "kegiatan.cpm", "pk": 21, "fields": {"kegiatan": "Integrasi dengan sihrd", "kode": "U", "duration": 7.333333333333333, "predecessor": "T", "earliest_start": 22.0, "earliest_finish": 29.333333333333332, "latest_start": 22.0, "latest_finish": 29.333333333333332, "slack_time": 0.0, "critical": "Kritis", "successors": null}}, {"model": "kegiatan.cpm", "pk": 22, "fields": {"kegiatan": "Integrasi dengan sistem monitoring pekerjaan", "kode": "V", "duration": 7.333333333333333, "predecessor": "U", "earliest_start": 29.333333333333332, "earliest_finish": 36.666666666666664, "latest_start": 29.333333333333332, "latest_finish": 36.666666666666664, "slack_time": 0.0, "critical": "Kritis", "successors": null}}, {"model": "kegiatan.cpm", "pk": 23, "fields": {"kegiatan": "Integrasi siakad", "kode": "W", "duration": 7.333333333333333, "predecessor": "V", "earliest_start": 36.666666666666664, "earliest_finish": 44.0, "latest_start": 36.666666666666664, "latest_finish": 44.0, "slack_time": 0.0, "critical": "Kritis", "successors": null}}, {"model": "kegiatan.cpm", "pk": 24, "fields": {"kegiatan": "Absensi mahasiswa", "kode": "X", "duration": 7.333333333333333, "predecessor": "W", "earliest_start": 44.0, "earliest_finish": 51.333333333333336, "latest_start": 44.0, "latest_finish": 51.333333333333336, "slack_time": 0.0, "critical": "Kritis", "successors": null}}, {"model": "kegiatan.cpm", "pk": 25, "fields": {"kegiatan": "Jurnal mengajar online", "kode": "Y", "duration": 7.333333333333333, "predecessor": "X", "earliest_start": 51.333333333333336, "earliest_finish": 58.66666666666667, "latest_start": 51.333333333333336, "latest_finish": 58.66666666666667, "slack_time": 0.0, "critical": "Kritis", "successors": null}}, {"model": "kegiatan.cpm", "pk": 26, "fields": {"kegiatan": "Export jurnal mengajar", "kode": "Z", "duration": 3.1666666666666665, "predecessor": "Y", "earliest_start": 58.66666666666667, "earliest_finish": 61.833333333333336, "latest_start": 58.66666666666667, "latest_finish": 61.833333333333336, "slack_time": 0.0, "critical": "Kritis", "successors": null}}, {"model": "kegiatan.cpm", "pk": 27, "fields": {"kegiatan": "Laporan presensi", "kode": "AA", "duration": 4.166666666666667, "predecessor": "Z", "earliest_start": 61.833333333333336, "earliest_finish": 66.0, "latest_start": 61.833333333333336, "latest_finish": 66.0, "slack_time": 0.0, "critical": "Kritis", "successors": null}}]